Date,Reservation Number,Reservation Name,Reservation Type,Check-In Date,Nights,Number Of Rooms,Rooms,Occupancy Adult+Child,Breakfast Included,Total,Deposit
24/11/2019,2,bobbie,Standard,25/11/2019,3,1,Deluxe Single,1+0,true,199.5,39.900000000000006
24/11/2019,3,lexie,Standard,25/11/2019,4,2,Executie Double,1+0,true,570.0,114.0
25/11/2019,4,mary,Advanced Purchase,26/11/2019,4,2,Deluxe Family,1+0,true,680.0,136.0
,,,,,,,Deluxe Family,3+0,true
25/11/2019,5,nut,Standard,26/11/2019,5,3,Executive Twin,1+0,true,1130.5,226.10000000000002
,,,,,,,Deluxe Family,3+0,false
,,,,,,,Executive Twin,2+1,true
25/11/2019,6,Nutsa,Advanced Purchase,27/11/2019,2,1,Classic Twin,1+1,true,140.0,28.0
