Reservation Number,Reservation Name,Reservation Type,Check-In Date,Nights,Number Of Rooms,Rooms,Occupancy Adult+Child,Breakfast Included,Total,Deposit
Joh1573930462233,John,Standard,07/11/2019,6,2,Deluxe Family,3+1,Yes,900,90
,,,,,,Deluxe Double,2+0,Yes,,
Mar1573930626507,Mary,Advanced Purchase,10/11/2019,2,1,Classic Double,1+0,No,120,12
,,,,,,,,,,
,,,,,,,,,,
,,,,,,,,,,
,,,,,,,,,,
,,,,,,,,,,
Joh1573931193060,John,Standard,12/12/19,4,2,Deluxe Double,2+0,false
,,,,,,Executie Double,1+0,false
NUT1574096562097,NUTSA,Standard,12/12/19,4,2,Deluxe Twin,1+0,false
,,,,,,Deluxe Family,3+0,false
